[
  {
    "_index": "packets-2024-08-04",
    "_type": "doc",
    "_score": null,
    "_source": {
      "layers": {
        "frame": {
          "frame.section_number": "1",
          "frame.interface_id": "0",
          "frame.interface_id_tree": {
            "frame.interface_name": "\\Device\\NPF_{95EB68CE-974B-4255-B3DC-1AE8CBCB1870}",
            "frame.interface_description": "Ethernet"
          },
          "frame.encap_type": "1",
          "frame.time": "Aug  4, 2024 12:10:52.523428000 Central Europe Daylight Time",
          "frame.time_utc": "Aug  4, 2024 10:10:52.523428000 UTC",
          "frame.time_epoch": "1722766252.523428000",
          "frame.offset_shift": "0.000000000",
          "frame.time_delta": "0.004030000",
          "frame.time_delta_displayed": "0.276744000",
          "frame.time_relative": "321.921502000",
          "frame.number": "953093",
          "frame.len": "62",
          "frame.cap_len": "62",
          "frame.marked": "0",
          "frame.ignored": "0",
          "frame.protocols": "eth:ethertype:ip:udp:stun",
          "frame.coloring_rule.name": "UDP",
          "frame.coloring_rule.string": "udp"
        },
        "eth": {
          "eth.dst": "10:a3:b8:6e:70:a0",
          "eth.dst_tree": {
            "eth.dst_resolved": "Iskrateldoo_6e:70:a0",
            "eth.dst.oui": "1090488",
            "eth.dst.oui_resolved": "Iskratel d.o.o.",
            "eth.addr": "10:a3:b8:6e:70:a0",
            "eth.addr_resolved": "Iskrateldoo_6e:70:a0",
            "eth.addr.oui": "1090488",
            "eth.addr.oui_resolved": "Iskratel d.o.o.",
            "eth.dst.lg": "0",
            "eth.lg": "0",
            "eth.dst.ig": "0",
            "eth.ig": "0"
          },
          "eth.src": "2c:f0:5d:d7:54:2d",
          "eth.src_tree": {
            "eth.src_resolved": "MicroStarINT_d7:54:2d",
            "eth.src.oui": "2945117",
            "eth.src.oui_resolved": "Micro-Star INTL CO., LTD.",
            "eth.addr": "2c:f0:5d:d7:54:2d",
            "eth.addr_resolved": "MicroStarINT_d7:54:2d",
            "eth.addr.oui": "2945117",
            "eth.addr.oui_resolved": "Micro-Star INTL CO., LTD.",
            "eth.src.lg": "0",
            "eth.lg": "0",
            "eth.src.ig": "0",
            "eth.ig": "0"
          },
          "eth.type": "0x0800"
        },
        "ip": {
          "ip.version": "4",
          "ip.hdr_len": "20",
          "ip.dsfield": "0x00",
          "ip.dsfield_tree": {
            "ip.dsfield.dscp": "0",
            "ip.dsfield.ecn": "0"
          },
          "ip.len": "48",
          "ip.id": "0x409d",
          "ip.flags": "0x00",
          "ip.flags_tree": {
            "ip.flags.rb": "0",
            "ip.flags.df": "0",
            "ip.flags.mf": "0"
          },
          "ip.frag_offset": "0",
          "ip.ttl": "128",
          "ip.proto": "17",
          "ip.checksum": "0x0000",
          "ip.checksum.status": "2",
          "ip.src": "192.168.64.95",
          "ip.addr": "192.168.64.95",
          "ip.src_host": "192.168.64.95",
          "ip.host": "192.168.64.95",
          "ip.dst": "74.125.247.128",
          "ip.addr": "74.125.247.128",
          "ip.dst_host": "74.125.247.128",
          "ip.host": "74.125.247.128"
        },
        "udp": {
          "udp.srcport": "53291",
          "udp.dstport": "3478",
          "udp.port": "53291",
          "udp.port": "3478",
          "udp.length": "28",
          "udp.checksum": "0x4333",
          "udp.checksum.status": "2",
          "udp.stream": "800",
          "Timestamps": {
            "udp.time_relative": "315.999906000",
            "udp.time_delta": "10.020333000"
          },
          "udp.payload": "00:01:00:00:21:12:a4:42:64:51:4b:69:55:58:48:69:2b:49:48:6b"
        },
        "stun": {
          "stun.response-in": "953885",
          "stun.type": "0x0001",
          "stun.type_tree": {
            "stun.type.class": "0x0000",
            "stun.type.method": "0x0001",
            "stun.type.method-assignment": "0x0000"
          },
          "stun.length": "0",
          "stun.cookie": "21:12:a4:42",
          "stun.id": "64:51:4b:69:55:58:48:69:2b:49:48:6b"
        }
      }
    }
  },
  {
    "_index": "packets-2024-08-04",
    "_type": "doc",
    "_score": null,
    "_source": {
      "layers": {
        "frame": {
          "frame.section_number": "1",
          "frame.interface_id": "0",
          "frame.interface_id_tree": {
            "frame.interface_name": "\\Device\\NPF_{95EB68CE-974B-4255-B3DC-1AE8CBCB1870}",
            "frame.interface_description": "Ethernet"
          },
          "frame.encap_type": "1",
          "frame.time": "Aug  4, 2024 12:10:52.643488000 Central Europe Daylight Time",
          "frame.time_utc": "Aug  4, 2024 10:10:52.643488000 UTC",
          "frame.time_epoch": "1722766252.643488000",
          "frame.offset_shift": "0.000000000",
          "frame.time_delta": "0.000000000",
          "frame.time_delta_displayed": "0.120060000",
          "frame.time_relative": "322.041562000",
          "frame.number": "953885",
          "frame.len": "74",
          "frame.cap_len": "74",
          "frame.marked": "0",
          "frame.ignored": "0",
          "frame.protocols": "eth:ethertype:ip:udp:stun",
          "frame.coloring_rule.name": "UDP",
          "frame.coloring_rule.string": "udp"
        },
        "eth": {
          "eth.dst": "2c:f0:5d:d7:54:2d",
          "eth.dst_tree": {
            "eth.dst_resolved": "MicroStarINT_d7:54:2d",
            "eth.dst.oui": "2945117",
            "eth.dst.oui_resolved": "Micro-Star INTL CO., LTD.",
            "eth.addr": "2c:f0:5d:d7:54:2d",
            "eth.addr_resolved": "MicroStarINT_d7:54:2d",
            "eth.addr.oui": "2945117",
            "eth.addr.oui_resolved": "Micro-Star INTL CO., LTD.",
            "eth.dst.lg": "0",
            "eth.lg": "0",
            "eth.dst.ig": "0",
            "eth.ig": "0"
          },
          "eth.src": "10:a3:b8:6e:70:a0",
          "eth.src_tree": {
            "eth.src_resolved": "Iskrateldoo_6e:70:a0",
            "eth.src.oui": "1090488",
            "eth.src.oui_resolved": "Iskratel d.o.o.",
            "eth.addr": "10:a3:b8:6e:70:a0",
            "eth.addr_resolved": "Iskrateldoo_6e:70:a0",
            "eth.addr.oui": "1090488",
            "eth.addr.oui_resolved": "Iskratel d.o.o.",
            "eth.src.lg": "0",
            "eth.lg": "0",
            "eth.src.ig": "0",
            "eth.ig": "0"
          },
          "eth.type": "0x0800"
        },
        "ip": {
          "ip.version": "4",
          "ip.hdr_len": "20",
          "ip.dsfield": "0x00",
          "ip.dsfield_tree": {
            "ip.dsfield.dscp": "0",
            "ip.dsfield.ecn": "0"
          },
          "ip.len": "60",
          "ip.id": "0x3147",
          "ip.flags": "0x00",
          "ip.flags_tree": {
            "ip.flags.rb": "0",
            "ip.flags.df": "0",
            "ip.flags.mf": "0"
          },
          "ip.frag_offset": "0",
          "ip.ttl": "58",
          "ip.proto": "17",
          "ip.checksum": "0x0c65",
          "ip.checksum.status": "2",
          "ip.src": "74.125.247.128",
          "ip.addr": "74.125.247.128",
          "ip.src_host": "74.125.247.128",
          "ip.host": "74.125.247.128",
          "ip.dst": "192.168.64.95",
          "ip.addr": "192.168.64.95",
          "ip.dst_host": "192.168.64.95",
          "ip.host": "192.168.64.95"
        },
        "udp": {
          "udp.srcport": "3478",
          "udp.dstport": "53291",
          "udp.port": "3478",
          "udp.port": "53291",
          "udp.length": "40",
          "udp.checksum": "0xaeef",
          "udp.checksum.status": "2",
          "udp.stream": "800",
          "Timestamps": {
            "udp.time_relative": "316.119966000",
            "udp.time_delta": "0.120060000"
          },
          "udp.payload": "01:01:00:0c:21:12:a4:42:64:51:4b:69:55:58:48:69:2b:49:48:6b:00:20:00:08:00:01:f1:39:7c:75:3a:7c"
        },
        "stun": {
          "stun.response-to": "953093",
          "stun.time": "0.120060000",
          "stun.type": "0x0101",
          "stun.type_tree": {
            "stun.type.class": "0x0010",
            "stun.type.method": "0x0001",
            "stun.type.method-assignment": "0x0000"
          },
          "stun.length": "12",
          "stun.cookie": "21:12:a4:42",
          "stun.id": "64:51:4b:69:55:58:48:69:2b:49:48:6b",
          "stun.network_version": "3",
          "stun.attributes": {
            "stun.attribute": "0x0020",
            "stun.attribute_tree": {
              "stun.att.type": "0x0020",
              "stun.att.type_tree": {
                "stun.att.type.comprehension": "0x0000",
                "stun.att.type.assignment": "0x0000"
              },
              "stun.att.length": "8",
              "stun.att.reserved": "00",
              "stun.att.family": "0x01",
              "stun.att.port-xord": "f1:39",
              "stun.att.port": "53291",
              "stun.att.ipv4-xord": "7c:75:3a:7c",
              "stun.att.ipv4": "93.103.158.62"
            }
          }
        }
      }
    }
  }
]
