[
  {
    "_index": "packets-2024-08-04",
    "_type": "doc",
    "_score": null,
    "_source": {
      "layers": {
        "frame": {
          "frame.section_number": "1",
          "frame.interface_id": "0",
          "frame.interface_id_tree": {
            "frame.interface_name": "\\Device\\NPF_{074F518D-5ECE-4EA8-8335-7B586A4403C5}",
            "frame.interface_description": "Ethernet"
          },
          "frame.encap_type": "1",
          "frame.time": "Aug  4, 2024 11:51:32.080678000 Central Europe Daylight Time",
          "frame.time_utc": "Aug  4, 2024 09:51:32.080678000 UTC",
          "frame.time_epoch": "1722765092.080678000",
          "frame.offset_shift": "0.000000000",
          "frame.time_delta": "0.000000000",
          "frame.time_delta_displayed": "0.000000000",
          "frame.time_relative": "0.000000000",
          "frame.number": "1",
          "frame.len": "58",
          "frame.cap_len": "58",
          "frame.marked": "0",
          "frame.ignored": "0",
          "frame.protocols": "eth:ethertype:ip:udp:bt-tracker",
          "frame.coloring_rule.name": "UDP",
          "frame.coloring_rule.string": "udp"
        },
        "eth": {
          "eth.dst": "34:60:f9:07:8d:82",
          "eth.dst_tree": {
            "eth.dst_resolved": "TPLink_07:8d:82",
            "eth.dst.oui": "3432697",
            "eth.dst.oui_resolved": "TP-Link Corporation Limited",
            "eth.addr": "34:60:f9:07:8d:82",
            "eth.addr_resolved": "TPLink_07:8d:82",
            "eth.addr.oui": "3432697",
            "eth.addr.oui_resolved": "TP-Link Corporation Limited",
            "eth.dst.lg": "0",
            "eth.lg": "0",
            "eth.dst.ig": "0",
            "eth.ig": "0"
          },
          "eth.src": "a0:d3:c1:9c:e3:54",
          "eth.src_tree": {
            "eth.src_resolved": "HewlettPacka_9c:e3:54",
            "eth.src.oui": "10539969",
            "eth.src.oui_resolved": "Hewlett Packard",
            "eth.addr": "a0:d3:c1:9c:e3:54",
            "eth.addr_resolved": "HewlettPacka_9c:e3:54",
            "eth.addr.oui": "10539969",
            "eth.addr.oui_resolved": "Hewlett Packard",
            "eth.src.lg": "0",
            "eth.lg": "0",
            "eth.src.ig": "0",
            "eth.ig": "0"
          },
          "eth.type": "0x0800"
        },
        "ip": {
          "ip.version": "4",
          "ip.hdr_len": "20",
          "ip.dsfield": "0x00",
          "ip.dsfield_tree": {
            "ip.dsfield.dscp": "0",
            "ip.dsfield.ecn": "0"
          },
          "ip.len": "44",
          "ip.id": "0x027f",
          "ip.flags": "0x00",
          "ip.flags_tree": {
            "ip.flags.rb": "0",
            "ip.flags.df": "0",
            "ip.flags.mf": "0"
          },
          "ip.frag_offset": "0",
          "ip.ttl": "128",
          "ip.proto": "17",
          "ip.checksum": "0x0000",
          "ip.checksum.status": "2",
          "ip.src": "192.168.1.100",
          "ip.addr": "192.168.1.100",
          "ip.src_host": "192.168.1.100",
          "ip.host": "192.168.1.100",
          "ip.dst": "185.243.218.213",
          "ip.addr": "185.243.218.213",
          "ip.dst_host": "185.243.218.213",
          "ip.host": "185.243.218.213"
        },
        "udp": {
          "udp.srcport": "38406",
          "udp.dstport": "80",
          "udp.port": "38406",
          "udp.port": "80",
          "udp.length": "24",
          "udp.checksum": "0x56ff",
          "udp.checksum.status": "2",
          "udp.stream": "0",
          "Timestamps": {
            "udp.time_relative": "0.000000000",
            "udp.time_delta": "0.000000000"
          },
          "udp.payload": "00:00:04:17:27:10:19:80:00:00:00:00:53:8a:fe:94"
        },
        "bt-tracker": {
          "bt-tracker.msg_type": "0",
          "bt-tracker.proto_id": "0x0000041727101980",
          "bt-tracker.action": "0",
          "bt-tracker.transaction_id": "1401618068"
        }
      }
    }
  },
  {
    "_index": "packets-2024-08-04",
    "_type": "doc",
    "_score": null,
    "_source": {
      "layers": {
        "frame": {
          "frame.section_number": "1",
          "frame.interface_id": "0",
          "frame.interface_id_tree": {
            "frame.interface_name": "\\Device\\NPF_{074F518D-5ECE-4EA8-8335-7B586A4403C5}",
            "frame.interface_description": "Ethernet"
          },
          "frame.encap_type": "1",
          "frame.time": "Aug  4, 2024 11:51:32.140040000 Central Europe Daylight Time",
          "frame.time_utc": "Aug  4, 2024 09:51:32.140040000 UTC",
          "frame.time_epoch": "1722765092.140040000",
          "frame.offset_shift": "0.000000000",
          "frame.time_delta": "0.059362000",
          "frame.time_delta_displayed": "0.059362000",
          "frame.time_relative": "0.059362000",
          "frame.number": "2",
          "frame.len": "60",
          "frame.cap_len": "60",
          "frame.marked": "0",
          "frame.ignored": "0",
          "frame.protocols": "eth:ethertype:ip:udp:bt-tracker",
          "frame.coloring_rule.name": "UDP",
          "frame.coloring_rule.string": "udp"
        },
        "eth": {
          "eth.dst": "a0:d3:c1:9c:e3:54",
          "eth.dst_tree": {
            "eth.dst_resolved": "HewlettPacka_9c:e3:54",
            "eth.dst.oui": "10539969",
            "eth.dst.oui_resolved": "Hewlett Packard",
            "eth.addr": "a0:d3:c1:9c:e3:54",
            "eth.addr_resolved": "HewlettPacka_9c:e3:54",
            "eth.addr.oui": "10539969",
            "eth.addr.oui_resolved": "Hewlett Packard",
            "eth.dst.lg": "0",
            "eth.lg": "0",
            "eth.dst.ig": "0",
            "eth.ig": "0"
          },
          "eth.src": "34:60:f9:07:8d:82",
          "eth.src_tree": {
            "eth.src_resolved": "TPLink_07:8d:82",
            "eth.src.oui": "3432697",
            "eth.src.oui_resolved": "TP-Link Corporation Limited",
            "eth.addr": "34:60:f9:07:8d:82",
            "eth.addr_resolved": "TPLink_07:8d:82",
            "eth.addr.oui": "3432697",
            "eth.addr.oui_resolved": "TP-Link Corporation Limited",
            "eth.src.lg": "0",
            "eth.lg": "0",
            "eth.src.ig": "0",
            "eth.ig": "0"
          },
          "eth.type": "0x0800",
          "eth.trailer": "00:50",
          "eth.trailer_tree": {
            "_ws.expert": {
              "eth.padding_bad": "",
              "_ws.expert.message": "Didn't find padding of zeros, and an undecoded trailer exists. There may be padding of non-zeros.",
              "_ws.expert.severity": "4194304",
              "_ws.expert.group": "150994944"
            }
          }
        },
        "ip": {
          "ip.version": "4",
          "ip.hdr_len": "20",
          "ip.dsfield": "0x00",
          "ip.dsfield_tree": {
            "ip.dsfield.dscp": "0",
            "ip.dsfield.ecn": "0"
          },
          "ip.len": "44",
          "ip.id": "0xdfed",
          "ip.flags": "0x02",
          "ip.flags_tree": {
            "ip.flags.rb": "0",
            "ip.flags.df": "1",
            "ip.flags.mf": "0"
          },
          "ip.frag_offset": "0",
          "ip.ttl": "51",
          "ip.proto": "17",
          "ip.checksum": "0x10fe",
          "ip.checksum.status": "2",
          "ip.src": "185.243.218.213",
          "ip.addr": "185.243.218.213",
          "ip.src_host": "185.243.218.213",
          "ip.host": "185.243.218.213",
          "ip.dst": "192.168.1.100",
          "ip.addr": "192.168.1.100",
          "ip.dst_host": "192.168.1.100",
          "ip.host": "192.168.1.100"
        },
        "udp": {
          "udp.srcport": "80",
          "udp.dstport": "38406",
          "udp.port": "80",
          "udp.port": "38406",
          "udp.length": "24",
          "udp.checksum": "0x7534",
          "udp.checksum.status": "2",
          "udp.stream": "0",
          "Timestamps": {
            "udp.time_relative": "0.059362000",
            "udp.time_delta": "0.059362000"
          },
          "udp.payload": "00:00:00:00:53:8a:fe:94:4a:c4:13:32:8f:08:5e:3f"
        },
        "bt-tracker": {
          "bt-tracker.msg_type": "1",
          "bt-tracker.action": "0",
          "bt-tracker.transaction_id": "1401618068",
          "bt-tracker.connection_id": "5387452162110938687"
        }
      }
    }
  },
  {
    "_index": "packets-2024-08-04",
    "_type": "doc",
    "_score": null,
    "_source": {
      "layers": {
        "frame": {
          "frame.section_number": "1",
          "frame.interface_id": "0",
          "frame.interface_id_tree": {
            "frame.interface_name": "\\Device\\NPF_{074F518D-5ECE-4EA8-8335-7B586A4403C5}",
            "frame.interface_description": "Ethernet"
          },
          "frame.encap_type": "1",
          "frame.time": "Aug  4, 2024 11:51:32.140212000 Central Europe Daylight Time",
          "frame.time_utc": "Aug  4, 2024 09:51:32.140212000 UTC",
          "frame.time_epoch": "1722765092.140212000",
          "frame.offset_shift": "0.000000000",
          "frame.time_delta": "0.000172000",
          "frame.time_delta_displayed": "0.000172000",
          "frame.time_relative": "0.059534000",
          "frame.number": "3",
          "frame.len": "151",
          "frame.cap_len": "151",
          "frame.marked": "0",
          "frame.ignored": "0",
          "frame.protocols": "eth:ethertype:ip:udp:bt-tracker",
          "frame.coloring_rule.name": "UDP",
          "frame.coloring_rule.string": "udp"
        },
        "eth": {
          "eth.dst": "34:60:f9:07:8d:82",
          "eth.dst_tree": {
            "eth.dst_resolved": "TPLink_07:8d:82",
            "eth.dst.oui": "3432697",
            "eth.dst.oui_resolved": "TP-Link Corporation Limited",
            "eth.addr": "34:60:f9:07:8d:82",
            "eth.addr_resolved": "TPLink_07:8d:82",
            "eth.addr.oui": "3432697",
            "eth.addr.oui_resolved": "TP-Link Corporation Limited",
            "eth.dst.lg": "0",
            "eth.lg": "0",
            "eth.dst.ig": "0",
            "eth.ig": "0"
          },
          "eth.src": "a0:d3:c1:9c:e3:54",
          "eth.src_tree": {
            "eth.src_resolved": "HewlettPacka_9c:e3:54",
            "eth.src.oui": "10539969",
            "eth.src.oui_resolved": "Hewlett Packard",
            "eth.addr": "a0:d3:c1:9c:e3:54",
            "eth.addr_resolved": "HewlettPacka_9c:e3:54",
            "eth.addr.oui": "10539969",
            "eth.addr.oui_resolved": "Hewlett Packard",
            "eth.src.lg": "0",
            "eth.lg": "0",
            "eth.src.ig": "0",
            "eth.ig": "0"
          },
          "eth.type": "0x0800"
        },
        "ip": {
          "ip.version": "4",
          "ip.hdr_len": "20",
          "ip.dsfield": "0x00",
          "ip.dsfield_tree": {
            "ip.dsfield.dscp": "0",
            "ip.dsfield.ecn": "0"
          },
          "ip.len": "137",
          "ip.id": "0x0280",
          "ip.flags": "0x00",
          "ip.flags_tree": {
            "ip.flags.rb": "0",
            "ip.flags.df": "0",
            "ip.flags.mf": "0"
          },
          "ip.frag_offset": "0",
          "ip.ttl": "128",
          "ip.proto": "17",
          "ip.checksum": "0x0000",
          "ip.checksum.status": "2",
          "ip.src": "192.168.1.100",
          "ip.addr": "192.168.1.100",
          "ip.src_host": "192.168.1.100",
          "ip.host": "192.168.1.100",
          "ip.dst": "185.243.218.213",
          "ip.addr": "185.243.218.213",
          "ip.dst_host": "185.243.218.213",
          "ip.host": "185.243.218.213"
        },
        "udp": {
          "udp.srcport": "38406",
          "udp.dstport": "80",
          "udp.port": "38406",
          "udp.port": "80",
          "udp.length": "117",
          "udp.checksum": "0x575c",
          "udp.checksum.status": "2",
          "udp.stream": "0",
          "Timestamps": {
            "udp.time_relative": "0.059534000",
            "udp.time_delta": "0.000172000"
          },
          "udp.payload": "4a:c4:13:32:8f:08:5e:3f:00:00:00:01:a2:78:11:ed:59:dc:28:75:7d:05:cb:91:ff:a6:3d:fb:7a:32:52:cf:6c:cf:fd:e3:2d:71:42:34:36:34:30:2d:64:6f:21:77:33:28:57:39:71:72:39:48:00:00:00:00:00:00:00:00:00:00:00:00:00:00:00:00:00:00:00:00:00:00:00:00:00:00:00:02:00:00:00:00:35:69:1b:db:00:00:00:c8:96:06:02:09:2f:61:6e:6e:6f:75:6e:63:65"
        },
        "bt-tracker": {
          "bt-tracker.msg_type": "2",
          "bt-tracker.connection_id": "5387452162110938687",
          "bt-tracker.action": "1",
          "bt-tracker.transaction_id": "2725777901",
          "bt-tracker.info_hash": "59:dc:28:75:7d:05:cb:91:ff:a6:3d:fb:7a:32:52:cf:6c:cf:fd:e3",
          "bt-tracker.peer_id": "2d:71:42:34:36:34:30:2d:64:6f:21:77:33:28:57:39:71:72:39:48",
          "bt-tracker.downloaded": "0",
          "bt-tracker.left": "0",
          "bt-tracker.uploaded": "0",
          "bt-tracker.event": "2",
          "bt-tracker.ip_address": "0.0.0.0",
          "bt-tracker.key": "896080859",
          "bt-tracker.num_want": "200",
          "bt-tracker.port": "38406",
          "bt-tracker.extension": {
            "bt-tracker.extension_type": "0x02",
            "bt-tracker.extension_len": "9",
            "bt-tracker.extension.urldata": "/announce"
          }
        }
      }
    }
  },
  {
    "_index": "packets-2024-08-04",
    "_type": "doc",
    "_score": null,
    "_source": {
      "layers": {
        "frame": {
          "frame.section_number": "1",
          "frame.interface_id": "0",
          "frame.interface_id_tree": {
            "frame.interface_name": "\\Device\\NPF_{074F518D-5ECE-4EA8-8335-7B586A4403C5}",
            "frame.interface_description": "Ethernet"
          },
          "frame.encap_type": "1",
          "frame.time": "Aug  4, 2024 11:51:32.237847000 Central Europe Daylight Time",
          "frame.time_utc": "Aug  4, 2024 09:51:32.237847000 UTC",
          "frame.time_epoch": "1722765092.237847000",
          "frame.offset_shift": "0.000000000",
          "frame.time_delta": "0.097635000",
          "frame.time_delta_displayed": "0.097635000",
          "frame.time_relative": "0.157169000",
          "frame.number": "4",
          "frame.len": "68",
          "frame.cap_len": "68",
          "frame.marked": "0",
          "frame.ignored": "0",
          "frame.protocols": "eth:ethertype:ip:udp:bt-tracker",
          "frame.coloring_rule.name": "UDP",
          "frame.coloring_rule.string": "udp"
        },
        "eth": {
          "eth.dst": "a0:d3:c1:9c:e3:54",
          "eth.dst_tree": {
            "eth.dst_resolved": "HewlettPacka_9c:e3:54",
            "eth.dst.oui": "10539969",
            "eth.dst.oui_resolved": "Hewlett Packard",
            "eth.addr": "a0:d3:c1:9c:e3:54",
            "eth.addr_resolved": "HewlettPacka_9c:e3:54",
            "eth.addr.oui": "10539969",
            "eth.addr.oui_resolved": "Hewlett Packard",
            "eth.dst.lg": "0",
            "eth.lg": "0",
            "eth.dst.ig": "0",
            "eth.ig": "0"
          },
          "eth.src": "34:60:f9:07:8d:82",
          "eth.src_tree": {
            "eth.src_resolved": "TPLink_07:8d:82",
            "eth.src.oui": "3432697",
            "eth.src.oui_resolved": "TP-Link Corporation Limited",
            "eth.addr": "34:60:f9:07:8d:82",
            "eth.addr_resolved": "TPLink_07:8d:82",
            "eth.addr.oui": "3432697",
            "eth.addr.oui_resolved": "TP-Link Corporation Limited",
            "eth.src.lg": "0",
            "eth.lg": "0",
            "eth.src.ig": "0",
            "eth.ig": "0"
          },
          "eth.type": "0x0800"
        },
        "ip": {
          "ip.version": "4",
          "ip.hdr_len": "20",
          "ip.dsfield": "0x00",
          "ip.dsfield_tree": {
            "ip.dsfield.dscp": "0",
            "ip.dsfield.ecn": "0"
          },
          "ip.len": "54",
          "ip.id": "0xdfee",
          "ip.flags": "0x02",
          "ip.flags_tree": {
            "ip.flags.rb": "0",
            "ip.flags.df": "1",
            "ip.flags.mf": "0"
          },
          "ip.frag_offset": "0",
          "ip.ttl": "51",
          "ip.proto": "17",
          "ip.checksum": "0x10f3",
          "ip.checksum.status": "2",
          "ip.src": "185.243.218.213",
          "ip.addr": "185.243.218.213",
          "ip.src_host": "185.243.218.213",
          "ip.host": "185.243.218.213",
          "ip.dst": "192.168.1.100",
          "ip.addr": "192.168.1.100",
          "ip.dst_host": "192.168.1.100",
          "ip.host": "192.168.1.100"
        },
        "udp": {
          "udp.srcport": "80",
          "udp.dstport": "38406",
          "udp.port": "80",
          "udp.port": "38406",
          "udp.length": "34",
          "udp.checksum": "0x2d50",
          "udp.checksum.status": "2",
          "udp.stream": "0",
          "Timestamps": {
            "udp.time_relative": "0.157169000",
            "udp.time_delta": "0.097635000"
          },
          "udp.payload": "00:00:00:01:a2:78:11:ed:00:00:07:33:00:00:00:00:00:00:00:01:b0:4c:e3:3f:96:06"
        },
        "bt-tracker": {
          "bt-tracker.msg_type": "3",
          "bt-tracker.action": "1",
          "bt-tracker.transaction_id": "2725777901",
          "bt-tracker.interval": "1843",
          "bt-tracker.leechers": "0",
          "bt-tracker.seeders": "1",
          "bt-tracker.trackers": {
            "bt-tracker.tracker": {
              "bt-tracker.tracker.ip": "176.76.227.63",
              "bt-tracker.tracker.port": "38406"
            }
          }
        }
      }
    }
  },
  {
    "_index": "packets-2024-08-04",
    "_type": "doc",
    "_score": null,
    "_source": {
      "layers": {
        "frame": {
          "frame.section_number": "1",
          "frame.interface_id": "0",
          "frame.interface_id_tree": {
            "frame.interface_name": "\\Device\\NPF_{074F518D-5ECE-4EA8-8335-7B586A4403C5}",
            "frame.interface_description": "Ethernet"
          },
          "frame.encap_type": "1",
          "frame.time": "Aug  4, 2024 11:52:33.128857000 Central Europe Daylight Time",
          "frame.time_utc": "Aug  4, 2024 09:52:33.128857000 UTC",
          "frame.time_epoch": "1722765153.128857000",
          "frame.offset_shift": "0.000000000",
          "frame.time_delta": "60.891010000",
          "frame.time_delta_displayed": "60.891010000",
          "frame.time_relative": "61.048179000",
          "frame.number": "5",
          "frame.len": "58",
          "frame.cap_len": "58",
          "frame.marked": "0",
          "frame.ignored": "0",
          "frame.protocols": "eth:ethertype:ip:udp:bt-tracker",
          "frame.coloring_rule.name": "UDP",
          "frame.coloring_rule.string": "udp"
        },
        "eth": {
          "eth.dst": "34:60:f9:07:8d:82",
          "eth.dst_tree": {
            "eth.dst_resolved": "TPLink_07:8d:82",
            "eth.dst.oui": "3432697",
            "eth.dst.oui_resolved": "TP-Link Corporation Limited",
            "eth.addr": "34:60:f9:07:8d:82",
            "eth.addr_resolved": "TPLink_07:8d:82",
            "eth.addr.oui": "3432697",
            "eth.addr.oui_resolved": "TP-Link Corporation Limited",
            "eth.dst.lg": "0",
            "eth.lg": "0",
            "eth.dst.ig": "0",
            "eth.ig": "0"
          },
          "eth.src": "a0:d3:c1:9c:e3:54",
          "eth.src_tree": {
            "eth.src_resolved": "HewlettPacka_9c:e3:54",
            "eth.src.oui": "10539969",
            "eth.src.oui_resolved": "Hewlett Packard",
            "eth.addr": "a0:d3:c1:9c:e3:54",
            "eth.addr_resolved": "HewlettPacka_9c:e3:54",
            "eth.addr.oui": "10539969",
            "eth.addr.oui_resolved": "Hewlett Packard",
            "eth.src.lg": "0",
            "eth.lg": "0",
            "eth.src.ig": "0",
            "eth.ig": "0"
          },
          "eth.type": "0x0800"
        },
        "ip": {
          "ip.version": "4",
          "ip.hdr_len": "20",
          "ip.dsfield": "0x00",
          "ip.dsfield_tree": {
            "ip.dsfield.dscp": "0",
            "ip.dsfield.ecn": "0"
          },
          "ip.len": "44",
          "ip.id": "0x0281",
          "ip.flags": "0x00",
          "ip.flags_tree": {
            "ip.flags.rb": "0",
            "ip.flags.df": "0",
            "ip.flags.mf": "0"
          },
          "ip.frag_offset": "0",
          "ip.ttl": "128",
          "ip.proto": "17",
          "ip.checksum": "0x0000",
          "ip.checksum.status": "2",
          "ip.src": "192.168.1.100",
          "ip.addr": "192.168.1.100",
          "ip.src_host": "192.168.1.100",
          "ip.host": "192.168.1.100",
          "ip.dst": "185.243.218.213",
          "ip.addr": "185.243.218.213",
          "ip.dst_host": "185.243.218.213",
          "ip.host": "185.243.218.213"
        },
        "udp": {
          "udp.srcport": "38406",
          "udp.dstport": "80",
          "udp.port": "38406",
          "udp.port": "80",
          "udp.length": "24",
          "udp.checksum": "0x56ff",
          "udp.checksum.status": "2",
          "udp.stream": "0",
          "Timestamps": {
            "udp.time_relative": "61.048179000",
            "udp.time_delta": "60.891010000"
          },
          "udp.payload": "00:00:04:17:27:10:19:80:00:00:00:00:65:0f:dd:eb"
        },
        "bt-tracker": {
          "bt-tracker.msg_type": "0",
          "bt-tracker.proto_id": "0x0000041727101980",
          "bt-tracker.action": "0",
          "bt-tracker.transaction_id": "1695538667"
        }
      }
    }
  },
  {
    "_index": "packets-2024-08-04",
    "_type": "doc",
    "_score": null,
    "_source": {
      "layers": {
        "frame": {
          "frame.section_number": "1",
          "frame.interface_id": "0",
          "frame.interface_id_tree": {
            "frame.interface_name": "\\Device\\NPF_{074F518D-5ECE-4EA8-8335-7B586A4403C5}",
            "frame.interface_description": "Ethernet"
          },
          "frame.encap_type": "1",
          "frame.time": "Aug  4, 2024 11:52:33.519812000 Central Europe Daylight Time",
          "frame.time_utc": "Aug  4, 2024 09:52:33.519812000 UTC",
          "frame.time_epoch": "1722765153.519812000",
          "frame.offset_shift": "0.000000000",
          "frame.time_delta": "0.390955000",
          "frame.time_delta_displayed": "0.390955000",
          "frame.time_relative": "61.439134000",
          "frame.number": "6",
          "frame.len": "60",
          "frame.cap_len": "60",
          "frame.marked": "0",
          "frame.ignored": "0",
          "frame.protocols": "eth:ethertype:ip:udp:bt-tracker",
          "frame.coloring_rule.name": "UDP",
          "frame.coloring_rule.string": "udp"
        },
        "eth": {
          "eth.dst": "a0:d3:c1:9c:e3:54",
          "eth.dst_tree": {
            "eth.dst_resolved": "HewlettPacka_9c:e3:54",
            "eth.dst.oui": "10539969",
            "eth.dst.oui_resolved": "Hewlett Packard",
            "eth.addr": "a0:d3:c1:9c:e3:54",
            "eth.addr_resolved": "HewlettPacka_9c:e3:54",
            "eth.addr.oui": "10539969",
            "eth.addr.oui_resolved": "Hewlett Packard",
            "eth.dst.lg": "0",
            "eth.lg": "0",
            "eth.dst.ig": "0",
            "eth.ig": "0"
          },
          "eth.src": "34:60:f9:07:8d:82",
          "eth.src_tree": {
            "eth.src_resolved": "TPLink_07:8d:82",
            "eth.src.oui": "3432697",
            "eth.src.oui_resolved": "TP-Link Corporation Limited",
            "eth.addr": "34:60:f9:07:8d:82",
            "eth.addr_resolved": "TPLink_07:8d:82",
            "eth.addr.oui": "3432697",
            "eth.addr.oui_resolved": "TP-Link Corporation Limited",
            "eth.src.lg": "0",
            "eth.lg": "0",
            "eth.src.ig": "0",
            "eth.ig": "0"
          },
          "eth.type": "0x0800",
          "eth.trailer": "00:50",
          "eth.trailer_tree": {
            "_ws.expert": {
              "eth.padding_bad": "",
              "_ws.expert.message": "Didn't find padding of zeros, and an undecoded trailer exists. There may be padding of non-zeros.",
              "_ws.expert.severity": "4194304",
              "_ws.expert.group": "150994944"
            }
          }
        },
        "ip": {
          "ip.version": "4",
          "ip.hdr_len": "20",
          "ip.dsfield": "0x00",
          "ip.dsfield_tree": {
            "ip.dsfield.dscp": "0",
            "ip.dsfield.ecn": "0"
          },
          "ip.len": "44",
          "ip.id": "0x027c",
          "ip.flags": "0x02",
          "ip.flags_tree": {
            "ip.flags.rb": "0",
            "ip.flags.df": "1",
            "ip.flags.mf": "0"
          },
          "ip.frag_offset": "0",
          "ip.ttl": "51",
          "ip.proto": "17",
          "ip.checksum": "0xee6f",
          "ip.checksum.status": "2",
          "ip.src": "185.243.218.213",
          "ip.addr": "185.243.218.213",
          "ip.src_host": "185.243.218.213",
          "ip.host": "185.243.218.213",
          "ip.dst": "192.168.1.100",
          "ip.addr": "192.168.1.100",
          "ip.dst_host": "192.168.1.100",
          "ip.host": "192.168.1.100"
        },
        "udp": {
          "udp.srcport": "80",
          "udp.dstport": "38406",
          "udp.port": "80",
          "udp.port": "38406",
          "udp.length": "24",
          "udp.checksum": "0x8458",
          "udp.checksum.status": "2",
          "udp.stream": "0",
          "Timestamps": {
            "udp.time_relative": "61.439134000",
            "udp.time_delta": "0.390955000"
          },
          "udp.payload": "00:00:00:00:65:0f:dd:eb:4a:c4:13:32:8f:08:5e:3f"
        },
        "bt-tracker": {
          "bt-tracker.msg_type": "1",
          "bt-tracker.action": "0",
          "bt-tracker.transaction_id": "1695538667",
          "bt-tracker.connection_id": "5387452162110938687"
        }
      }
    }
  },
  {
    "_index": "packets-2024-08-04",
    "_type": "doc",
    "_score": null,
    "_source": {
      "layers": {
        "frame": {
          "frame.section_number": "1",
          "frame.interface_id": "0",
          "frame.interface_id_tree": {
            "frame.interface_name": "\\Device\\NPF_{074F518D-5ECE-4EA8-8335-7B586A4403C5}",
            "frame.interface_description": "Ethernet"
          },
          "frame.encap_type": "1",
          "frame.time": "Aug  4, 2024 11:52:33.519974000 Central Europe Daylight Time",
          "frame.time_utc": "Aug  4, 2024 09:52:33.519974000 UTC",
          "frame.time_epoch": "1722765153.519974000",
          "frame.offset_shift": "0.000000000",
          "frame.time_delta": "0.000162000",
          "frame.time_delta_displayed": "0.000162000",
          "frame.time_relative": "61.439296000",
          "frame.number": "7",
          "frame.len": "151",
          "frame.cap_len": "151",
          "frame.marked": "0",
          "frame.ignored": "0",
          "frame.protocols": "eth:ethertype:ip:udp:bt-tracker",
          "frame.coloring_rule.name": "UDP",
          "frame.coloring_rule.string": "udp"
        },
        "eth": {
          "eth.dst": "34:60:f9:07:8d:82",
          "eth.dst_tree": {
            "eth.dst_resolved": "TPLink_07:8d:82",
            "eth.dst.oui": "3432697",
            "eth.dst.oui_resolved": "TP-Link Corporation Limited",
            "eth.addr": "34:60:f9:07:8d:82",
            "eth.addr_resolved": "TPLink_07:8d:82",
            "eth.addr.oui": "3432697",
            "eth.addr.oui_resolved": "TP-Link Corporation Limited",
            "eth.dst.lg": "0",
            "eth.lg": "0",
            "eth.dst.ig": "0",
            "eth.ig": "0"
          },
          "eth.src": "a0:d3:c1:9c:e3:54",
          "eth.src_tree": {
            "eth.src_resolved": "HewlettPacka_9c:e3:54",
            "eth.src.oui": "10539969",
            "eth.src.oui_resolved": "Hewlett Packard",
            "eth.addr": "a0:d3:c1:9c:e3:54",
            "eth.addr_resolved": "HewlettPacka_9c:e3:54",
            "eth.addr.oui": "10539969",
            "eth.addr.oui_resolved": "Hewlett Packard",
            "eth.src.lg": "0",
            "eth.lg": "0",
            "eth.src.ig": "0",
            "eth.ig": "0"
          },
          "eth.type": "0x0800"
        },
        "ip": {
          "ip.version": "4",
          "ip.hdr_len": "20",
          "ip.dsfield": "0x00",
          "ip.dsfield_tree": {
            "ip.dsfield.dscp": "0",
            "ip.dsfield.ecn": "0"
          },
          "ip.len": "137",
          "ip.id": "0x0282",
          "ip.flags": "0x00",
          "ip.flags_tree": {
            "ip.flags.rb": "0",
            "ip.flags.df": "0",
            "ip.flags.mf": "0"
          },
          "ip.frag_offset": "0",
          "ip.ttl": "128",
          "ip.proto": "17",
          "ip.checksum": "0x0000",
          "ip.checksum.status": "2",
          "ip.src": "192.168.1.100",
          "ip.addr": "192.168.1.100",
          "ip.src_host": "192.168.1.100",
          "ip.host": "192.168.1.100",
          "ip.dst": "185.243.218.213",
          "ip.addr": "185.243.218.213",
          "ip.dst_host": "185.243.218.213",
          "ip.host": "185.243.218.213"
        },
        "udp": {
          "udp.srcport": "38406",
          "udp.dstport": "80",
          "udp.port": "38406",
          "udp.port": "80",
          "udp.length": "117",
          "udp.checksum": "0x575c",
          "udp.checksum.status": "2",
          "udp.stream": "0",
          "Timestamps": {
            "udp.time_relative": "61.439296000",
            "udp.time_delta": "0.000162000"
          },
          "udp.payload": "4a:c4:13:32:8f:08:5e:3f:00:00:00:01:eb:77:e0:46:59:dc:28:75:7d:05:cb:91:ff:a6:3d:fb:7a:32:52:cf:6c:cf:fd:e3:2d:71:42:34:36:34:30:2d:64:6f:21:77:33:28:57:39:71:72:39:48:00:00:00:00:00:00:00:00:00:00:00:00:00:00:00:00:00:00:00:00:00:00:00:00:00:00:00:00:00:00:00:00:35:69:1b:db:00:00:00:c8:96:06:02:09:2f:61:6e:6e:6f:75:6e:63:65"
        },
        "bt-tracker": {
          "bt-tracker.msg_type": "2",
          "bt-tracker.connection_id": "5387452162110938687",
          "bt-tracker.action": "1",
          "bt-tracker.transaction_id": "3950501958",
          "bt-tracker.info_hash": "59:dc:28:75:7d:05:cb:91:ff:a6:3d:fb:7a:32:52:cf:6c:cf:fd:e3",
          "bt-tracker.peer_id": "2d:71:42:34:36:34:30:2d:64:6f:21:77:33:28:57:39:71:72:39:48",
          "bt-tracker.downloaded": "0",
          "bt-tracker.left": "0",
          "bt-tracker.uploaded": "0",
          "bt-tracker.event": "0",
          "bt-tracker.ip_address": "0.0.0.0",
          "bt-tracker.key": "896080859",
          "bt-tracker.num_want": "200",
          "bt-tracker.port": "38406",
          "bt-tracker.extension": {
            "bt-tracker.extension_type": "0x02",
            "bt-tracker.extension_len": "9",
            "bt-tracker.extension.urldata": "/announce"
          }
        }
      }
    }
  },
  {
    "_index": "packets-2024-08-04",
    "_type": "doc",
    "_score": null,
    "_source": {
      "layers": {
        "frame": {
          "frame.section_number": "1",
          "frame.interface_id": "0",
          "frame.interface_id_tree": {
            "frame.interface_name": "\\Device\\NPF_{074F518D-5ECE-4EA8-8335-7B586A4403C5}",
            "frame.interface_description": "Ethernet"
          },
          "frame.encap_type": "1",
          "frame.time": "Aug  4, 2024 11:52:33.736175000 Central Europe Daylight Time",
          "frame.time_utc": "Aug  4, 2024 09:52:33.736175000 UTC",
          "frame.time_epoch": "1722765153.736175000",
          "frame.offset_shift": "0.000000000",
          "frame.time_delta": "0.216201000",
          "frame.time_delta_displayed": "0.216201000",
          "frame.time_relative": "61.655497000",
          "frame.number": "8",
          "frame.len": "74",
          "frame.cap_len": "74",
          "frame.marked": "0",
          "frame.ignored": "0",
          "frame.protocols": "eth:ethertype:ip:udp:bt-tracker",
          "frame.coloring_rule.name": "UDP",
          "frame.coloring_rule.string": "udp"
        },
        "eth": {
          "eth.dst": "a0:d3:c1:9c:e3:54",
          "eth.dst_tree": {
            "eth.dst_resolved": "HewlettPacka_9c:e3:54",
            "eth.dst.oui": "10539969",
            "eth.dst.oui_resolved": "Hewlett Packard",
            "eth.addr": "a0:d3:c1:9c:e3:54",
            "eth.addr_resolved": "HewlettPacka_9c:e3:54",
            "eth.addr.oui": "10539969",
            "eth.addr.oui_resolved": "Hewlett Packard",
            "eth.dst.lg": "0",
            "eth.lg": "0",
            "eth.dst.ig": "0",
            "eth.ig": "0"
          },
          "eth.src": "34:60:f9:07:8d:82",
          "eth.src_tree": {
            "eth.src_resolved": "TPLink_07:8d:82",
            "eth.src.oui": "3432697",
            "eth.src.oui_resolved": "TP-Link Corporation Limited",
            "eth.addr": "34:60:f9:07:8d:82",
            "eth.addr_resolved": "TPLink_07:8d:82",
            "eth.addr.oui": "3432697",
            "eth.addr.oui_resolved": "TP-Link Corporation Limited",
            "eth.src.lg": "0",
            "eth.lg": "0",
            "eth.src.ig": "0",
            "eth.ig": "0"
          },
          "eth.type": "0x0800"
        },
        "ip": {
          "ip.version": "4",
          "ip.hdr_len": "20",
          "ip.dsfield": "0x00",
          "ip.dsfield_tree": {
            "ip.dsfield.dscp": "0",
            "ip.dsfield.ecn": "0"
          },
          "ip.len": "60",
          "ip.id": "0x0281",
          "ip.flags": "0x02",
          "ip.flags_tree": {
            "ip.flags.rb": "0",
            "ip.flags.df": "1",
            "ip.flags.mf": "0"
          },
          "ip.frag_offset": "0",
          "ip.ttl": "51",
          "ip.proto": "17",
          "ip.checksum": "0xee5a",
          "ip.checksum.status": "2",
          "ip.src": "185.243.218.213",
          "ip.addr": "185.243.218.213",
          "ip.src_host": "185.243.218.213",
          "ip.host": "185.243.218.213",
          "ip.dst": "192.168.1.100",
          "ip.addr": "192.168.1.100",
          "ip.dst_host": "192.168.1.100",
          "ip.host": "192.168.1.100"
        },
        "udp": {
          "udp.srcport": "80",
          "udp.dstport": "38406",
          "udp.port": "80",
          "udp.port": "38406",
          "udp.length": "40",
          "udp.checksum": "0x0fb1",
          "udp.checksum.status": "2",
          "udp.stream": "0",
          "Timestamps": {
            "udp.time_relative": "61.655497000",
            "udp.time_delta": "0.216201000"
          },
          "udp.payload": "00:00:00:01:eb:77:e0:46:00:00:07:84:00:00:00:01:00:00:00:01:5d:67:9e:3e:0a:42:b0:4c:e3:3f:96:06"
        },
        "bt-tracker": {
          "bt-tracker.msg_type": "3",
          "bt-tracker.action": "1",
          "bt-tracker.transaction_id": "3950501958",
          "bt-tracker.interval": "1924",
          "bt-tracker.leechers": "1",
          "bt-tracker.seeders": "1",
          "bt-tracker.trackers": {
            "bt-tracker.tracker": {
              "bt-tracker.tracker.ip": "93.103.158.62",
              "bt-tracker.tracker.port": "2626"
            },
            "bt-tracker.tracker": {
              "bt-tracker.tracker.ip": "176.76.227.63",
              "bt-tracker.tracker.port": "38406"
            }
          }
        }
      }
    }
  },
  {
    "_index": "packets-2024-08-04",
    "_type": "doc",
    "_score": null,
    "_source": {
      "layers": {
        "frame": {
          "frame.section_number": "1",
          "frame.interface_id": "0",
          "frame.interface_id_tree": {
            "frame.interface_name": "\\Device\\NPF_{074F518D-5ECE-4EA8-8335-7B586A4403C5}",
            "frame.interface_description": "Ethernet"
          },
          "frame.encap_type": "1",
          "frame.time": "Aug  4, 2024 11:55:34.120239000 Central Europe Daylight Time",
          "frame.time_utc": "Aug  4, 2024 09:55:34.120239000 UTC",
          "frame.time_epoch": "1722765334.120239000",
          "frame.offset_shift": "0.000000000",
          "frame.time_delta": "180.384064000",
          "frame.time_delta_displayed": "180.384064000",
          "frame.time_relative": "242.039561000",
          "frame.number": "9",
          "frame.len": "58",
          "frame.cap_len": "58",
          "frame.marked": "0",
          "frame.ignored": "0",
          "frame.protocols": "eth:ethertype:ip:udp:bt-tracker",
          "frame.coloring_rule.name": "UDP",
          "frame.coloring_rule.string": "udp"
        },
        "eth": {
          "eth.dst": "34:60:f9:07:8d:82",
          "eth.dst_tree": {
            "eth.dst_resolved": "TPLink_07:8d:82",
            "eth.dst.oui": "3432697",
            "eth.dst.oui_resolved": "TP-Link Corporation Limited",
            "eth.addr": "34:60:f9:07:8d:82",
            "eth.addr_resolved": "TPLink_07:8d:82",
            "eth.addr.oui": "3432697",
            "eth.addr.oui_resolved": "TP-Link Corporation Limited",
            "eth.dst.lg": "0",
            "eth.lg": "0",
            "eth.dst.ig": "0",
            "eth.ig": "0"
          },
          "eth.src": "a0:d3:c1:9c:e3:54",
          "eth.src_tree": {
            "eth.src_resolved": "HewlettPacka_9c:e3:54",
            "eth.src.oui": "10539969",
            "eth.src.oui_resolved": "Hewlett Packard",
            "eth.addr": "a0:d3:c1:9c:e3:54",
            "eth.addr_resolved": "HewlettPacka_9c:e3:54",
            "eth.addr.oui": "10539969",
            "eth.addr.oui_resolved": "Hewlett Packard",
            "eth.src.lg": "0",
            "eth.lg": "0",
            "eth.src.ig": "0",
            "eth.ig": "0"
          },
          "eth.type": "0x0800"
        },
        "ip": {
          "ip.version": "4",
          "ip.hdr_len": "20",
          "ip.dsfield": "0x00",
          "ip.dsfield_tree": {
            "ip.dsfield.dscp": "0",
            "ip.dsfield.ecn": "0"
          },
          "ip.len": "44",
          "ip.id": "0x0283",
          "ip.flags": "0x00",
          "ip.flags_tree": {
            "ip.flags.rb": "0",
            "ip.flags.df": "0",
            "ip.flags.mf": "0"
          },
          "ip.frag_offset": "0",
          "ip.ttl": "128",
          "ip.proto": "17",
          "ip.checksum": "0x0000",
          "ip.checksum.status": "2",
          "ip.src": "192.168.1.100",
          "ip.addr": "192.168.1.100",
          "ip.src_host": "192.168.1.100",
          "ip.host": "192.168.1.100",
          "ip.dst": "185.243.218.213",
          "ip.addr": "185.243.218.213",
          "ip.dst_host": "185.243.218.213",
          "ip.host": "185.243.218.213"
        },
        "udp": {
          "udp.srcport": "38406",
          "udp.dstport": "80",
          "udp.port": "38406",
          "udp.port": "80",
          "udp.length": "24",
          "udp.checksum": "0x56ff",
          "udp.checksum.status": "2",
          "udp.stream": "0",
          "Timestamps": {
            "udp.time_relative": "242.039561000",
            "udp.time_delta": "180.384064000"
          },
          "udp.payload": "00:00:04:17:27:10:19:80:00:00:00:00:ab:e1:02:f6"
        },
        "bt-tracker": {
          "bt-tracker.msg_type": "0",
          "bt-tracker.proto_id": "0x0000041727101980",
          "bt-tracker.action": "0",
          "bt-tracker.transaction_id": "2883650294"
        }
      }
    }
  },
  {
    "_index": "packets-2024-08-04",
    "_type": "doc",
    "_score": null,
    "_source": {
      "layers": {
        "frame": {
          "frame.section_number": "1",
          "frame.interface_id": "0",
          "frame.interface_id_tree": {
            "frame.interface_name": "\\Device\\NPF_{074F518D-5ECE-4EA8-8335-7B586A4403C5}",
            "frame.interface_description": "Ethernet"
          },
          "frame.encap_type": "1",
          "frame.time": "Aug  4, 2024 11:55:34.296030000 Central Europe Daylight Time",
          "frame.time_utc": "Aug  4, 2024 09:55:34.296030000 UTC",
          "frame.time_epoch": "1722765334.296030000",
          "frame.offset_shift": "0.000000000",
          "frame.time_delta": "0.175791000",
          "frame.time_delta_displayed": "0.175791000",
          "frame.time_relative": "242.215352000",
          "frame.number": "10",
          "frame.len": "60",
          "frame.cap_len": "60",
          "frame.marked": "0",
          "frame.ignored": "0",
          "frame.protocols": "eth:ethertype:ip:udp:bt-tracker",
          "frame.coloring_rule.name": "UDP",
          "frame.coloring_rule.string": "udp"
        },
        "eth": {
          "eth.dst": "a0:d3:c1:9c:e3:54",
          "eth.dst_tree": {
            "eth.dst_resolved": "HewlettPacka_9c:e3:54",
            "eth.dst.oui": "10539969",
            "eth.dst.oui_resolved": "Hewlett Packard",
            "eth.addr": "a0:d3:c1:9c:e3:54",
            "eth.addr_resolved": "HewlettPacka_9c:e3:54",
            "eth.addr.oui": "10539969",
            "eth.addr.oui_resolved": "Hewlett Packard",
            "eth.dst.lg": "0",
            "eth.lg": "0",
            "eth.dst.ig": "0",
            "eth.ig": "0"
          },
          "eth.src": "34:60:f9:07:8d:82",
          "eth.src_tree": {
            "eth.src_resolved": "TPLink_07:8d:82",
            "eth.src.oui": "3432697",
            "eth.src.oui_resolved": "TP-Link Corporation Limited",
            "eth.addr": "34:60:f9:07:8d:82",
            "eth.addr_resolved": "TPLink_07:8d:82",
            "eth.addr.oui": "3432697",
            "eth.addr.oui_resolved": "TP-Link Corporation Limited",
            "eth.src.lg": "0",
            "eth.lg": "0",
            "eth.src.ig": "0",
            "eth.ig": "0"
          },
          "eth.type": "0x0800",
          "eth.trailer": "00:50",
          "eth.trailer_tree": {
            "_ws.expert": {
              "eth.padding_bad": "",
              "_ws.expert.message": "Didn't find padding of zeros, and an undecoded trailer exists. There may be padding of non-zeros.",
              "_ws.expert.severity": "4194304",
              "_ws.expert.group": "150994944"
            }
          }
        },
        "ip": {
          "ip.version": "4",
          "ip.hdr_len": "20",
          "ip.dsfield": "0x00",
          "ip.dsfield_tree": {
            "ip.dsfield.dscp": "0",
            "ip.dsfield.ecn": "0"
          },
          "ip.len": "44",
          "ip.id": "0x59ce",
          "ip.flags": "0x02",
          "ip.flags_tree": {
            "ip.flags.rb": "0",
            "ip.flags.df": "1",
            "ip.flags.mf": "0"
          },
          "ip.frag_offset": "0",
          "ip.ttl": "51",
          "ip.proto": "17",
          "ip.checksum": "0x971d",
          "ip.checksum.status": "2",
          "ip.src": "185.243.218.213",
          "ip.addr": "185.243.218.213",
          "ip.src_host": "185.243.218.213",
          "ip.host": "185.243.218.213",
          "ip.dst": "192.168.1.100",
          "ip.addr": "192.168.1.100",
          "ip.dst_host": "192.168.1.100",
          "ip.host": "192.168.1.100"
        },
        "udp": {
          "udp.srcport": "80",
          "udp.dstport": "38406",
          "udp.port": "80",
          "udp.port": "38406",
          "udp.length": "24",
          "udp.checksum": "0x187c",
          "udp.checksum.status": "2",
          "udp.stream": "0",
          "Timestamps": {
            "udp.time_relative": "242.215352000",
            "udp.time_delta": "0.175791000"
          },
          "udp.payload": "00:00:00:00:ab:e1:02:f6:4a:c4:13:32:8f:08:5e:3f"
        },
        "bt-tracker": {
          "bt-tracker.msg_type": "1",
          "bt-tracker.action": "0",
          "bt-tracker.transaction_id": "2883650294",
          "bt-tracker.connection_id": "5387452162110938687"
        }
      }
    }
  },
  {
    "_index": "packets-2024-08-04",
    "_type": "doc",
    "_score": null,
    "_source": {
      "layers": {
        "frame": {
          "frame.section_number": "1",
          "frame.interface_id": "0",
          "frame.interface_id_tree": {
            "frame.interface_name": "\\Device\\NPF_{074F518D-5ECE-4EA8-8335-7B586A4403C5}",
            "frame.interface_description": "Ethernet"
          },
          "frame.encap_type": "1",
          "frame.time": "Aug  4, 2024 11:55:34.296196000 Central Europe Daylight Time",
          "frame.time_utc": "Aug  4, 2024 09:55:34.296196000 UTC",
          "frame.time_epoch": "1722765334.296196000",
          "frame.offset_shift": "0.000000000",
          "frame.time_delta": "0.000166000",
          "frame.time_delta_displayed": "0.000166000",
          "frame.time_relative": "242.215518000",
          "frame.number": "11",
          "frame.len": "151",
          "frame.cap_len": "151",
          "frame.marked": "0",
          "frame.ignored": "0",
          "frame.protocols": "eth:ethertype:ip:udp:bt-tracker",
          "frame.coloring_rule.name": "UDP",
          "frame.coloring_rule.string": "udp"
        },
        "eth": {
          "eth.dst": "34:60:f9:07:8d:82",
          "eth.dst_tree": {
            "eth.dst_resolved": "TPLink_07:8d:82",
            "eth.dst.oui": "3432697",
            "eth.dst.oui_resolved": "TP-Link Corporation Limited",
            "eth.addr": "34:60:f9:07:8d:82",
            "eth.addr_resolved": "TPLink_07:8d:82",
            "eth.addr.oui": "3432697",
            "eth.addr.oui_resolved": "TP-Link Corporation Limited",
            "eth.dst.lg": "0",
            "eth.lg": "0",
            "eth.dst.ig": "0",
            "eth.ig": "0"
          },
          "eth.src": "a0:d3:c1:9c:e3:54",
          "eth.src_tree": {
            "eth.src_resolved": "HewlettPacka_9c:e3:54",
            "eth.src.oui": "10539969",
            "eth.src.oui_resolved": "Hewlett Packard",
            "eth.addr": "a0:d3:c1:9c:e3:54",
            "eth.addr_resolved": "HewlettPacka_9c:e3:54",
            "eth.addr.oui": "10539969",
            "eth.addr.oui_resolved": "Hewlett Packard",
            "eth.src.lg": "0",
            "eth.lg": "0",
            "eth.src.ig": "0",
            "eth.ig": "0"
          },
          "eth.type": "0x0800"
        },
        "ip": {
          "ip.version": "4",
          "ip.hdr_len": "20",
          "ip.dsfield": "0x00",
          "ip.dsfield_tree": {
            "ip.dsfield.dscp": "0",
            "ip.dsfield.ecn": "0"
          },
          "ip.len": "137",
          "ip.id": "0x0284",
          "ip.flags": "0x00",
          "ip.flags_tree": {
            "ip.flags.rb": "0",
            "ip.flags.df": "0",
            "ip.flags.mf": "0"
          },
          "ip.frag_offset": "0",
          "ip.ttl": "128",
          "ip.proto": "17",
          "ip.checksum": "0x0000",
          "ip.checksum.status": "2",
          "ip.src": "192.168.1.100",
          "ip.addr": "192.168.1.100",
          "ip.src_host": "192.168.1.100",
          "ip.host": "192.168.1.100",
          "ip.dst": "185.243.218.213",
          "ip.addr": "185.243.218.213",
          "ip.dst_host": "185.243.218.213",
          "ip.host": "185.243.218.213"
        },
        "udp": {
          "udp.srcport": "38406",
          "udp.dstport": "80",
          "udp.port": "38406",
          "udp.port": "80",
          "udp.length": "117",
          "udp.checksum": "0x575c",
          "udp.checksum.status": "2",
          "udp.stream": "0",
          "Timestamps": {
            "udp.time_relative": "242.215518000",
            "udp.time_delta": "0.000166000"
          },
          "udp.payload": "4a:c4:13:32:8f:08:5e:3f:00:00:00:01:68:0f:66:11:59:dc:28:75:7d:05:cb:91:ff:a6:3d:fb:7a:32:52:cf:6c:cf:fd:e3:2d:71:42:34:36:34:30:2d:64:6f:21:77:33:28:57:39:71:72:39:48:00:00:00:00:00:00:00:00:00:00:00:00:00:00:00:00:00:00:00:00:00:02:b8:96:00:00:00:00:00:00:00:00:35:69:1b:db:00:00:00:c8:96:06:02:09:2f:61:6e:6e:6f:75:6e:63:65"
        },
        "bt-tracker": {
          "bt-tracker.msg_type": "2",
          "bt-tracker.connection_id": "5387452162110938687",
          "bt-tracker.action": "1",
          "bt-tracker.transaction_id": "1745839633",
          "bt-tracker.info_hash": "59:dc:28:75:7d:05:cb:91:ff:a6:3d:fb:7a:32:52:cf:6c:cf:fd:e3",
          "bt-tracker.peer_id": "2d:71:42:34:36:34:30:2d:64:6f:21:77:33:28:57:39:71:72:39:48",
          "bt-tracker.downloaded": "0",
          "bt-tracker.left": "0",
          "bt-tracker.uploaded": "178326",
          "bt-tracker.event": "0",
          "bt-tracker.ip_address": "0.0.0.0",
          "bt-tracker.key": "896080859",
          "bt-tracker.num_want": "200",
          "bt-tracker.port": "38406",
          "bt-tracker.extension": {
            "bt-tracker.extension_type": "0x02",
            "bt-tracker.extension_len": "9",
            "bt-tracker.extension.urldata": "/announce"
          }
        }
      }
    }
  },
  {
    "_index": "packets-2024-08-04",
    "_type": "doc",
    "_score": null,
    "_source": {
      "layers": {
        "frame": {
          "frame.section_number": "1",
          "frame.interface_id": "0",
          "frame.interface_id_tree": {
            "frame.interface_name": "\\Device\\NPF_{074F518D-5ECE-4EA8-8335-7B586A4403C5}",
            "frame.interface_description": "Ethernet"
          },
          "frame.encap_type": "1",
          "frame.time": "Aug  4, 2024 11:55:34.488245000 Central Europe Daylight Time",
          "frame.time_utc": "Aug  4, 2024 09:55:34.488245000 UTC",
          "frame.time_epoch": "1722765334.488245000",
          "frame.offset_shift": "0.000000000",
          "frame.time_delta": "0.192049000",
          "frame.time_delta_displayed": "0.192049000",
          "frame.time_relative": "242.407567000",
          "frame.number": "12",
          "frame.len": "80",
          "frame.cap_len": "80",
          "frame.marked": "0",
          "frame.ignored": "0",
          "frame.protocols": "eth:ethertype:ip:udp:bt-tracker",
          "frame.coloring_rule.name": "UDP",
          "frame.coloring_rule.string": "udp"
        },
        "eth": {
          "eth.dst": "a0:d3:c1:9c:e3:54",
          "eth.dst_tree": {
            "eth.dst_resolved": "HewlettPacka_9c:e3:54",
            "eth.dst.oui": "10539969",
            "eth.dst.oui_resolved": "Hewlett Packard",
            "eth.addr": "a0:d3:c1:9c:e3:54",
            "eth.addr_resolved": "HewlettPacka_9c:e3:54",
            "eth.addr.oui": "10539969",
            "eth.addr.oui_resolved": "Hewlett Packard",
            "eth.dst.lg": "0",
            "eth.lg": "0",
            "eth.dst.ig": "0",
            "eth.ig": "0"
          },
          "eth.src": "34:60:f9:07:8d:82",
          "eth.src_tree": {
            "eth.src_resolved": "TPLink_07:8d:82",
            "eth.src.oui": "3432697",
            "eth.src.oui_resolved": "TP-Link Corporation Limited",
            "eth.addr": "34:60:f9:07:8d:82",
            "eth.addr_resolved": "TPLink_07:8d:82",
            "eth.addr.oui": "3432697",
            "eth.addr.oui_resolved": "TP-Link Corporation Limited",
            "eth.src.lg": "0",
            "eth.lg": "0",
            "eth.src.ig": "0",
            "eth.ig": "0"
          },
          "eth.type": "0x0800"
        },
        "ip": {
          "ip.version": "4",
          "ip.hdr_len": "20",
          "ip.dsfield": "0x00",
          "ip.dsfield_tree": {
            "ip.dsfield.dscp": "0",
            "ip.dsfield.ecn": "0"
          },
          "ip.len": "66",
          "ip.id": "0x59fd",
          "ip.flags": "0x02",
          "ip.flags_tree": {
            "ip.flags.rb": "0",
            "ip.flags.df": "1",
            "ip.flags.mf": "0"
          },
          "ip.frag_offset": "0",
          "ip.ttl": "51",
          "ip.proto": "17",
          "ip.checksum": "0x96d8",
          "ip.checksum.status": "2",
          "ip.src": "185.243.218.213",
          "ip.addr": "185.243.218.213",
          "ip.src_host": "185.243.218.213",
          "ip.host": "185.243.218.213",
          "ip.dst": "192.168.1.100",
          "ip.addr": "192.168.1.100",
          "ip.dst_host": "192.168.1.100",
          "ip.host": "192.168.1.100"
        },
        "udp": {
          "udp.srcport": "80",
          "udp.dstport": "38406",
          "udp.port": "80",
          "udp.port": "38406",
          "udp.length": "46",
          "udp.checksum": "0xe513",
          "udp.checksum.status": "2",
          "udp.stream": "0",
          "Timestamps": {
            "udp.time_relative": "242.407567000",
            "udp.time_delta": "0.192049000"
          },
          "udp.payload": "00:00:00:01:68:0f:66:11:00:00:07:64:00:00:00:02:00:00:00:01:5d:67:9e:3e:0a:42:68:1c:9f:29:21:08:b0:4c:e3:3f:96:06"
        },
        "bt-tracker": {
          "bt-tracker.msg_type": "3",
          "bt-tracker.action": "1",
          "bt-tracker.transaction_id": "1745839633",
          "bt-tracker.interval": "1892",
          "bt-tracker.leechers": "2",
          "bt-tracker.seeders": "1",
          "bt-tracker.trackers": {
            "bt-tracker.tracker1": {
              "bt-tracker.tracker.ip": "93.103.158.62",
              "bt-tracker.tracker.port": "2626"
            },
            "bt-tracker.tracker2": {
              "bt-tracker.tracker.ip": "104.28.159.41",
              "bt-tracker.tracker.port": "8456"
            },
            "bt-tracker.tracker3": {
              "bt-tracker.tracker.ip": "176.76.227.63",
              "bt-tracker.tracker.port": "38406"
            }
          }
        }
      }
    }
  }
]
